time,open,high,low,close,Plot,Plot,Plot,Plot
2022-02-03,24.458,25.077,23.78,23.948,NaN,NaN,NaN,NaN
2022-02-04,23.972,24.635,23.632,24.319,NaN,NaN,NaN,NaN
2022-02-07,24.372,25.182,24.202,24.728,NaN,NaN,NaN,NaN
2022-02-08,24.359,25.23,23.98,25.108,NaN,NaN,NaN,NaN
2022-02-09,25.622,26.725,25.353,26.705,NaN,NaN,NaN,NaN
2022-02-10,25.995,26.92499,25.6,25.824,NaN,NaN,NaN,NaN
2022-02-11,25.916,26.152,23.773,23.949,NaN,NaN,NaN,NaN
2022-02-14,23.934,24.875,23.755,24.267,NaN,NaN,NaN,NaN
2022-02-15,24.949,26.545,24.784,26.495,NaN,NaN,NaN,NaN
2022-02-16,26.259,26.582,25.552,26.511,NaN,NaN,NaN,NaN
2022-02-17,25.63,25.785,24.165,24.507,NaN,NaN,NaN,NaN
2022-02-18,24.6675,24.986,23.1,23.642,NaN,NaN,NaN,NaN
2022-02-22,23.035,24.06399,23,23.39,NaN,NaN,NaN,NaN
2022-02-23,23.802,24.15499,22.301,22.387,NaN,NaN,NaN,NaN
2022-02-24,21.015,23.8,20.89,23.748,NaN,NaN,NaN,NaN
2022-02-25,23.721,24.217,23.381,24.157,NaN,NaN,NaN,NaN
2022-02-28,23.992,24.665,23.70701,24.385,NaN,NaN,NaN,NaN
2022-03-01,24.291,24.377,23.132,23.477,NaN,NaN,NaN,NaN
2022-03-02,23.756,24.409,23.415,24.22,NaN,NaN,NaN,NaN
2022-03-03,24.2615,24.32599,23.469,23.714,NaN,NaN,NaN,NaN
2022-03-04,23.384,23.68,22.482,22.936,NaN,NaN,NaN,NaN
2022-03-07,22.817,23.033,21.33,21.352,NaN,NaN,NaN,NaN
2022-03-08,21.309,22.37299,20.65,21.514,NaN,NaN,NaN,NaN
2022-03-09,22.387,23.22,22.247,23.014,NaN,NaN,NaN,NaN
2022-03-10,22.531,22.788,21.882,22.658,NaN,NaN,NaN,NaN
2022-03-11,23.022,23.145,22.046,22.1,NaN,NaN,NaN,NaN
2022-03-14,21.869,22.262,21.15901,21.33,NaN,NaN,NaN,NaN
2022-03-15,21.518,23.038,21.32201,22.973,NaN,NaN,NaN,NaN
2022-03-16,23.5,24.597,23.172,24.496,NaN,NaN,NaN,NaN
2022-03-17,24.12,24.842,23.906,24.766,NaN,NaN,NaN,NaN
2022-03-18,24.799,26.56899,24.624,26.453,NaN,NaN,NaN,NaN
2022-03-21,26.507,27.15199,25.967,26.734,NaN,NaN,NaN,NaN
2022-03-22,26.727,27.238,26.072,26.524,NaN,NaN,NaN,NaN
2022-03-23,26.126,26.6115,25.57501,25.634,NaN,NaN,NaN,NaN
2022-03-24,26.166,28.31999,25.907,28.15,NaN,NaN,NaN,NaN
2022-03-25,27.886,28.358,27.271,27.692,NaN,NaN,NaN,NaN
2022-03-28,27.7555,28.25,27.206,28.219,NaN,NaN,NaN,NaN
2022-03-29,28.6945,28.946,27.98,28.656,NaN,NaN,NaN,NaN
2022-03-30,28.304,28.4955,27.503,27.69,NaN,NaN,NaN,NaN
2022-03-31,27.782,28.248,27.27,27.286,NaN,NaN,NaN,NaN
2022-04-01,27.375,27.496,26.267,26.712,NaN,NaN,NaN,NaN
2022-04-04,26.728,27.558,26.613,27.36,NaN,NaN,NaN,NaN
2022-04-05,27.254,27.319,25.82,25.931,NaN,NaN,NaN,NaN
2022-04-06,24.934,25.3,24.003,24.407,NaN,NaN,NaN,NaN
2022-04-07,24.441,24.722,23.478,24.208,NaN,NaN,NaN,NaN
2022-04-08,23.917,23.923,23.06201,23.119,NaN,NaN,NaN,NaN
2022-04-11,22.214,22.31994,21.66,21.917,NaN,NaN,NaN,NaN
2022-04-12,22.537,22.725,21.28204,21.504,NaN,NaN,NaN,NaN
2022-04-13,21.728,22.5,21.455,22.203,NaN,NaN,NaN,NaN
2022-04-14,22.505,22.777,21.163,21.258,NaN,NaN,NaN,NaN
2022-04-18,21.2,22.088,21.079,21.783,NaN,NaN,NaN,NaN
2022-04-19,21.72,22.373,21.314,22.198,NaN,NaN,NaN,NaN
2022-04-20,22.5171,22.67037,21.2,21.482,NaN,NaN,NaN,NaN
2022-04-21,21.70915,22.392,20,20.183,NaN,NaN,NaN,NaN
2022-04-22,20.303,20.486,19.5,19.515,NaN,NaN,NaN,NaN
2022-04-25,19.202,19.945,19.096,19.902,NaN,NaN,NaN,NaN
2022-04-26,19.718,19.788,18.67,18.788,NaN,NaN,NaN,NaN
2022-04-27,18.598,19.167,18.29,18.415,NaN,NaN,NaN,NaN
2022-04-28,18.967,20.037,18.48957,19.782,NaN,NaN,NaN,NaN
2022-04-29,19.402,20.12848,18.517,18.547,NaN,NaN,NaN,NaN
2022-05-02,18.5405,19.574,18.391,19.533,NaN,NaN,NaN,NaN
2022-05-03,19.4,19.825,19.133,19.602,NaN,NaN,NaN,NaN
2022-05-04,19.923,20.4,18.751,20.334,NaN,NaN,NaN,NaN
2022-05-05,19.867,19.925,18.5,18.844,NaN,NaN,NaN,NaN
2022-05-06,18.736,19.512,17.99,18.675,NaN,NaN,NaN,NaN
2022-05-09,18.034,18.255,16.827,16.95,NaN,NaN,NaN,NaN
2022-05-10,17.689,18.198,17.025,17.595,NaN,NaN,NaN,NaN
2022-05-11,17.347,17.753,16.568,16.63,NaN,NaN,NaN,NaN
2022-05-12,16.2191,16.788,15.567,16.175,NaN,NaN,NaN,NaN
2022-05-13,16.788,17.92843,16.5925,17.706,NaN,NaN,NaN,NaN
2022-05-16,17.509,17.788,17.106,17.264,NaN,NaN,NaN,NaN
2022-05-17,18.074,18.371,17.634,18.177,NaN,NaN,NaN,NaN
2022-05-18,17.705,18.118,16.864,16.938,NaN,NaN,NaN,NaN
2022-05-19,16.937,17.687,16.73405,17.124,NaN,NaN,NaN,NaN
2022-05-20,17.332,17.41,15.755,16.694,NaN,NaN,NaN,NaN
2022-05-23,16.274,16.915,16.17901,16.898,NaN,NaN,NaN,NaN
2022-05-24,16.51,16.597,15.78,16.154,NaN,NaN,NaN,NaN
2022-05-25,16.02,17.11099,16,16.975,NaN,NaN,NaN,NaN
2022-05-26,16.036,18.092,16.022,17.851,NaN,NaN,NaN,NaN
2022-05-27,18.186,18.881,18.1,18.811,NaN,NaN,NaN,NaN
2022-05-31,18.98,19.2,18.35,18.672,NaN,NaN,NaN,NaN
2022-06-01,18.724,19.05318,18.122,18.32,NaN,NaN,NaN,NaN
2022-06-02,18.292,19.619,18.198,19.592,NaN,NaN,NaN,NaN
2022-06-03,19.0815,19.3323,18.52156,18.72,NaN,NaN,NaN,NaN
2022-06-06,19.139,19.337,18.5642,18.786,NaN,NaN,NaN,NaN
2022-06-07,18.472,19,18.188,18.926,NaN,NaN,NaN,NaN
2022-06-08,18.799,19.18,18.535,18.648,NaN,NaN,NaN,NaN
2022-06-09,18.481,18.933,18.041,18.048,NaN,NaN,NaN,NaN
2022-06-10,17.6,17.697,16.869,16.974,NaN,NaN,NaN,NaN
2022-06-13,16,16.312,15.606,15.647,NaN,NaN,NaN,NaN
2022-06-14,15.731,16.066,15.412,15.836,NaN,NaN,NaN,NaN
2022-06-15,16.095,16.868,15.926,16.527,NaN,NaN,NaN,NaN
2022-06-16,15.86,15.94232,15.401,15.601,NaN,NaN,NaN,NaN
2022-06-17,15.648,15.995,15.328,15.88,NaN,NaN,NaN,NaN
2022-06-21,16.4745,17.008,16.407,16.566,NaN,NaN,NaN,NaN
2022-06-22,16.226,16.662,16.18,16.36,NaN,NaN,NaN,NaN
2022-06-23,16.5185,16.585,15.853,16.225,NaN,NaN,NaN,NaN
2022-06-24,16.5,17.14,16.31,17.126,NaN,NaN,NaN,NaN
2022-06-27,17.312,17.33,16.6255,16.869,NaN,NaN,NaN,NaN
2022-06-28,16.9,17.20199,15.945,15.982,NaN,NaN,NaN,NaN
2022-06-29,15.814,15.82,15.17,15.542,NaN,NaN,NaN,NaN
2022-06-30,15.361,15.567,14.862,15.159,NaN,NaN,NaN,NaN
2022-07-01,14.899,15.06291,14.392,14.523,NaN,NaN,NaN,NaN
2022-07-05,14.175,14.971,14.055,14.964,NaN,NaN,NaN,NaN
2022-07-06,15.01,15.31899,14.789,15.13,NaN,NaN,NaN,NaN
2022-07-07,15.4555,15.945,15.389,15.858,NaN,NaN,NaN,NaN
2022-07-08,15.43,16.03699,15.389,15.838,NaN,NaN,NaN,NaN
2022-07-11,15.526,15.52699,15.03801,15.152,NaN,NaN,NaN,NaN
2022-07-12,15.268,15.431,14.877,15.082,NaN,NaN,NaN,NaN
2022-07-13,14.59,15.375,14.465,15.164,NaN,NaN,NaN,NaN
2022-07-14,15.108,15.47299,14.728,15.372,NaN,NaN,NaN,NaN
2022-07-15,15.659,15.782,15.445,15.762,NaN,NaN,NaN,NaN
2022-07-18,16.302,16.897,16.002,16.101,NaN,NaN,NaN,NaN
2022-07-19,16.486,17.11,16.17201,16.992,NaN,NaN,NaN,NaN
2022-07-20,16.947,17.9325,16.801,17.807,NaN,NaN,NaN,NaN
2022-07-21,17.885,18.144,17.54456,18.05,NaN,NaN,NaN,NaN
2022-07-22,17.893,17.967,17.1365,17.319,NaN,NaN,NaN,NaN
2022-07-25,17.019,17.124,16.649,17.024,NaN,NaN,NaN,NaN
2022-07-26,16.889,16.919,16.478,16.533,NaN,NaN,NaN,NaN
2022-07-27,17.032,17.936,16.91301,17.79,NaN,NaN,NaN,NaN
2022-07-28,17.975,18.14,17.44,17.984,NaN,NaN,NaN,NaN
2022-07-29,17.813,18.244,17.692,18.163,NaN,NaN,NaN,NaN
2022-08-01,18.182,18.846,17.99,18.441,NaN,NaN,NaN,NaN
2022-08-02,18.122,18.93753,18.092,18.526,NaN,NaN,NaN,NaN
2022-08-03,18.184,18.968,18.137,18.893,NaN,NaN,NaN,NaN
2022-08-04,18.849,19.274,18.76,19.215,NaN,NaN,NaN,NaN
2022-08-05,18.81,19.22892,18.666,18.989,NaN,NaN,NaN,NaN
2022-08-08,17.502,18.239,17.242,17.793,NaN,NaN,NaN,NaN
2022-08-09,17.252,17.44719,16.724,17.086,NaN,NaN,NaN,NaN
2022-08-10,17.698,18.118,17.31701,18.097,NaN,NaN,NaN,NaN
2022-08-11,18.131,18.707,17.876,17.942,NaN,NaN,NaN,NaN
2022-08-12,18.16,18.718,17.953,18.709,NaN,NaN,NaN,NaN
2022-08-15,18.701,19.164,18.613,19.032,NaN,NaN,NaN,NaN
2022-08-16,18.9195,19.142,18.501,18.879,NaN,NaN,NaN,NaN
2022-08-17,18.523,18.688,18.145,18.335,NaN,NaN,NaN,NaN
2022-08-18,18.301,18.86499,18.183,18.773,NaN,NaN,NaN,NaN
2022-08-19,18.406,18.52,17.77,17.849,NaN,NaN,NaN,NaN
2022-08-22,17.49,17.558,16.966,17.034,NaN,NaN,NaN,NaN
2022-08-23,16.9885,17.465,16.97,17.181,NaN,NaN,NaN,NaN
2022-08-24,17.012,17.406,16.895,17.222,NaN,NaN,NaN,NaN
2022-08-25,16.844,17.947,16.833,17.913,NaN,NaN,NaN,NaN
2022-08-26,17.857,17.924,16.237,16.26,NaN,NaN,NaN,NaN
2022-08-29,16.02,16.338,15.767,15.801,NaN,NaN,NaN,NaN
2022-08-30,15.96,16.039,15.182,15.468,NaN,NaN,NaN,NaN
2022-08-31,15.384,15.54,14.95851,15.094,NaN,NaN,NaN,NaN
2022-09-01,14.209,14.38,13.27021,13.937,NaN,NaN,NaN,NaN
2022-09-02,14.1,14.171,13.591,13.647,NaN,NaN,NaN,NaN
2022-09-06,13.731,13.779,13.351,13.465,NaN,NaN,NaN,NaN
2022-09-07,13.563,13.838,13.346,13.714,NaN,NaN,NaN,NaN
2022-09-08,13.459,14.008,13.369,13.99,NaN,NaN,NaN,NaN
2022-09-09,14.157,14.474,14.126,14.387,NaN,NaN,NaN,NaN
2022-09-12,14.369,14.547,14.198,14.505,NaN,NaN,NaN,NaN
2022-09-13,13.802,13.922,13.099,13.131,NaN,NaN,NaN,NaN
2022-09-14,13.254,13.28999,12.913,13.128,NaN,NaN,NaN,NaN
2022-09-15,13.0152,13.23299,12.79,12.929,NaN,NaN,NaN,NaN
2022-09-16,12.7415,13.212,12.617,13.198,NaN,NaN,NaN,NaN
2022-09-19,13.012,13.463,13.01,13.382,NaN,NaN,NaN,NaN
2022-09-20,13.2145,13.48276,13.057,13.176,NaN,NaN,NaN,NaN
2022-09-21,13.213,14.031,13.11,13.261,NaN,NaN,NaN,NaN
2022-09-22,13.07,13.14897,12.428,12.561,NaN,NaN,NaN,NaN
2022-09-23,12.42,12.611,12.257,12.516,NaN,NaN,NaN,NaN
2022-09-26,12.491,12.659,12.214,12.228,NaN,NaN,NaN,NaN
2022-09-27,12.507,12.736,12.258,12.413,NaN,NaN,NaN,NaN
2022-09-28,12.41,12.823,12.35386,12.736,NaN,NaN,NaN,NaN
2022-09-29,12.448,12.5,11.94601,12.22,NaN,NaN,NaN,NaN
2022-09-30,12.087,12.633,12.075,12.139,NaN,NaN,NaN,NaN
2022-10-03,12.347,12.678,12.105,12.512,NaN,NaN,NaN,NaN
2022-10-04,12.879,13.22,12.879,13.167,NaN,NaN,NaN,NaN
2022-10-05,12.9107,13.321,12.621,13.209,NaN,NaN,NaN,NaN
2022-10-06,13.22,13.656,13.103,13.13,NaN,NaN,NaN,NaN
2022-10-07,12.505,12.67,12.022,12.076,NaN,NaN,NaN,NaN
2022-10-10,12.037,12.12432,11.40812,11.67,NaN,NaN,NaN,NaN
2022-10-11,11.561,11.846,11.283,11.586,NaN,NaN,NaN,NaN
2022-10-12,11.579,11.735,11.345,11.5,NaN,NaN,NaN,NaN
2022-10-13,10.971,12.07799,10.813,11.96,NaN,NaN,NaN,NaN
2022-10-14,12.057,12.111,11.204,11.227,NaN,NaN,NaN,NaN
2022-10-17,11.518,11.948,11.517,11.888,NaN,NaN,NaN,NaN
2022-10-18,12.344,12.492,11.618,11.967,NaN,NaN,NaN,NaN
2022-10-19,11.879,12.35,11.834,12.051,NaN,NaN,NaN,NaN
2022-10-20,12.113,12.769,12.105,12.194,NaN,NaN,NaN,NaN
2022-10-21,12.0982,12.498,11.887,12.466,NaN,NaN,NaN,NaN
2022-10-24,12.508,12.71,12.064,12.599,NaN,NaN,NaN,NaN
2022-10-25,12.6935,13.3,12.664,13.261,NaN,NaN,NaN,NaN
2022-10-26,12.869,13.388,12.708,12.896,NaN,NaN,NaN,NaN
2022-10-27,13.63,13.838,13.122,13.176,NaN,NaN,NaN,NaN
2022-10-28,13.104,13.85,13.061,13.834,NaN,NaN,NaN,NaN
2022-10-31,13.778,13.838,13.297,13.497,NaN,NaN,NaN,NaN
2022-11-01,13.811,13.925,13.519,13.543,NaN,NaN,NaN,NaN
2022-11-02,13.85,14.21,13.21124,13.219,NaN,NaN,NaN,NaN
2022-11-03,13.043,13.781,12.956,13.421,NaN,NaN,NaN,NaN
2022-11-04,13.986,14.229,13.697,14.156,NaN,NaN,NaN,NaN
2022-11-07,14.228,14.412,13.954,14.301,NaN,NaN,NaN,NaN
2022-11-08,14.801,14.89101,14.216,14.602,NaN,NaN,NaN,NaN
2022-11-09,14.1615,14.211,13.75901,13.776,NaN,NaN,NaN,NaN
2022-11-10,14.8,15.773,14.547,15.75,NaN,NaN,NaN,NaN
2022-11-11,15.8075,16.389,15.482,16.327,NaN,NaN,NaN,NaN
2022-11-14,16.218,16.54,15.922,16.295,NaN,NaN,NaN,NaN
2022-11-15,16.7215,16.998,16.382,16.666,NaN,NaN,NaN,NaN
2022-11-16,16.1615,16.362,15.873,15.91,NaN,NaN,NaN,NaN
2022-11-17,15.715,16.266,15.535,15.677,NaN,NaN,NaN,NaN
2022-11-18,15.966,16.002,15.12001,15.409,NaN,NaN,NaN,NaN
2022-11-21,15.147,15.477,15.08,15.317,NaN,NaN,NaN,NaN
2022-11-22,15.328,16.05757,15.1216,16.038,NaN,NaN,NaN,NaN
2022-11-23,16.098,16.527,16.04801,16.519,NaN,NaN,NaN,NaN
2022-11-25,16.318,16.487,16.172,16.27,NaN,NaN,NaN,NaN
2022-11-28,16.026,16.357,15.725,15.827,NaN,NaN,NaN,NaN
2022-11-29,15.827,15.932,15.52,15.639,NaN,NaN,NaN,NaN
2022-11-30,15.697,16.93,15.597,16.923,NaN,NaN,NaN,NaN
2022-12-01,16.999,17.265,16.635,17.135,NaN,NaN,NaN,NaN
2022-12-02,16.659,16.93257,16.445,16.876,NaN,NaN,NaN,NaN
2022-12-05,16.679,16.995,16.47201,16.61,NaN,NaN,NaN,NaN
2022-12-06,16.53,16.573,15.819,15.987,NaN,NaN,NaN,NaN
2022-12-07,15.772,16.186,15.667,16.12,NaN,NaN,NaN,NaN
2022-12-08,16.273,17.179,15.959,17.169,NaN,NaN,NaN,NaN
2022-12-09,17.16,17.583,16.975,17.001,NaN,NaN,NaN,NaN
2022-12-12,17.037,17.538,16.797,17.535,NaN,NaN,NaN,NaN
2022-12-13,18.531,18.79,17.711,18.072,NaN,NaN,NaN,NaN
2022-12-14,17.987,18.252,17.42,17.674,NaN,NaN,NaN,NaN
2022-12-15,17.146,17.32,16.7,16.952,NaN,NaN,NaN,NaN
2022-12-16,16.8642,17.041,16.41,16.571,NaN,NaN,NaN,NaN
2022-12-19,16.572,16.609,16.145,16.254,NaN,NaN,NaN,NaN
2022-12-20,16.064,16.31,15.852,16.085,NaN,NaN,NaN,NaN
2022-12-21,16.114,16.627,16.102,16.501,NaN,NaN,NaN,NaN
2022-12-22,16.0935,16.138,14.882,15.339,NaN,NaN,NaN,NaN
2022-12-23,15.196,15.339,14.883,15.206,NaN,NaN,NaN,NaN
2022-12-27,15.074,15.1,14.056,14.121,NaN,NaN,NaN,NaN
2022-12-28,13.927,14.262,13.884,14.036,NaN,NaN,NaN,NaN
2022-12-29,14.402,14.683,14.227,14.603,NaN,NaN,NaN,NaN
2022-12-30,14.334,14.62899,14.233,14.614,NaN,NaN,NaN,NaN
2023-01-03,14.851,14.996,14.096,14.315,NaN,NaN,NaN,NaN
2023-01-04,14.567,14.853,14.241,14.749,NaN,NaN,NaN,NaN
2023-01-05,14.491,14.564,14.14795,14.265,NaN,NaN,NaN,NaN
2023-01-06,14.474,15.01,14.034,14.859,NaN,NaN,NaN,NaN
2023-01-09,15.284,16.056,15.141,15.628,NaN,NaN,NaN,NaN
2023-01-10,15.507,15.96199,15.472,15.909,NaN,NaN,NaN,NaN
2023-01-11,15.83951,16.028,15.563,16.001,NaN,NaN,NaN,NaN
2023-01-12,16.1,16.637,15.492,16.511,NaN,NaN,NaN,NaN
2023-01-13,16.278,16.922,16.165,16.899,NaN,NaN,NaN,NaN
2023-01-17,16.899,17.728,16.899,17.702,NaN,NaN,NaN,NaN
2023-01-18,17.667,17.873,17.282,17.377,NaN,NaN,NaN,NaN
2023-01-19,17.036,17.197,16.731,16.765,NaN,NaN,NaN,NaN
2023-01-20,17.011,17.856,16.825,17.839,NaN,NaN,NaN,NaN
2023-01-23,18.064,19.245,17.8175,19.193,NaN,NaN,NaN,NaN
2023-01-24,18.827,19.495,18.82,19.265,NaN,NaN,NaN,NaN
2023-01-25,18.9125,19.37,18.58,19.323,NaN,NaN,NaN,NaN
2023-01-26,19.701,20.166,19.278,19.802,NaN,NaN,NaN,NaN
2023-01-27,19.462,20.628,19.405,20.365,NaN,NaN,NaN,NaN
2023-01-30,19.95,20.14,19.15,19.162,NaN,NaN,NaN,NaN
2023-01-31,19.1695,19.687,18.95,19.537,NaN,NaN,NaN,NaN
2023-02-01,19.691,21.192,19.611,20.943,NaN,NaN,NaN,NaN
2023-02-02,21,21.949,20.7,21.709,NaN,NaN,NaN,NaN
2023-02-03,21,21.74499,20.789,21.1,NaN,NaN,NaN,NaN
2023-02-06,20.806,21.57,20.786,21.089,NaN,NaN,NaN,NaN
2023-02-07,21.382,22.259,21.15,22.173,NaN,NaN,NaN,NaN
2023-02-08,22.387,22.878,22.00801,22.205,NaN,NaN,NaN,NaN
2023-02-09,22.606,23.02,22.12,22.337,NaN,NaN,NaN,NaN
2023-02-10,21.69,22.07764,20.811,21.265,NaN,NaN,NaN,NaN
2023-02-13,21.538,22.048,20.962,21.788,NaN,NaN,NaN,NaN
2023-02-14,21.578,23.0488,21.366,22.971,NaN,NaN,NaN,NaN
2023-02-15,22.549,22.855,22.106,22.764,NaN,NaN,NaN,NaN
2023-02-16,22.133,22.55,21.9268,22.002,NaN,NaN,NaN,NaN
2023-02-17,21.631,21.74,20.975,21.388,NaN,NaN,NaN,NaN
2023-02-21,21,21.4938,20.618,20.655,NaN,NaN,NaN,NaN
2023-02-22,20.707,21.104,20.421,20.754,NaN,NaN,NaN,NaN
2023-02-23,23.44,23.888,23.025,23.664,NaN,NaN,NaN,NaN
2023-02-24,23.225,23.474,22.947,23.286,NaN,NaN,NaN,NaN
2023-02-27,23.67,23.87994,23.454,23.501,NaN,NaN,NaN,NaN
2023-02-28,23.372,23.825,23.206,23.216,NaN,NaN,NaN,NaN
2023-03-01,23.192,23.25557,22.508,22.698,NaN,NaN,NaN,NaN
2023-03-02,22.488,23.3804,22.432,23.314,NaN,NaN,NaN,NaN
2023-03-03,23.32,23.9,23.13,23.89,NaN,NaN,NaN,NaN
2023-03-06,23.891,24.248,23.487,23.554,NaN,NaN,NaN,NaN
2023-03-07,23.6,24.125,23.241,23.288,NaN,NaN,NaN,NaN
2023-03-08,23.487,24.2,23.4235,24.181,NaN,NaN,NaN,NaN
2023-03-09,24.175,24.454,23.38284,23.436,NaN,NaN,NaN,NaN
2023-03-10,23.409,23.627,22.726,22.965,NaN,NaN,NaN,NaN
2023-03-13,22.752,23.298,22.297,22.966,NaN,NaN,NaN,NaN
2023-03-14,23.496,24.219,23.46,24.063,NaN,NaN,NaN,NaN
2023-03-15,23.761,24.286,23.36,24.228,NaN,NaN,NaN,NaN
2023-03-16,24.027,25.588,23.894,25.541,NaN,NaN,NaN,NaN
2023-03-17,25.982,26.399,25.668,25.725,NaN,NaN,NaN,NaN
2023-03-20,25.615,26.024,25.12983,25.9,NaN,NaN,NaN,NaN
2023-03-21,26.18,26.392,25.381,26.199,NaN,NaN,NaN,NaN
2023-03-22,26.425,27.589,26.237,26.468,NaN,NaN,NaN,NaN
2023-03-23,27.1155,27.499,26.69,27.191,NaN,NaN,NaN,NaN
2023-03-24,27.031,27.167,26.355,26.779,NaN,NaN,NaN,NaN
2023-03-27,26.837,27,26.365,26.531,NaN,NaN,NaN,NaN
2023-03-28,26.447,26.513,25.85,26.41,NaN,NaN,NaN,NaN
2023-03-29,26.825,27.078,26.597,26.984,NaN,NaN,NaN,NaN
2023-03-30,27.229,27.499,27.102,27.383,NaN,NaN,NaN,NaN
2023-03-31,27.14,27.83431,27.105,27.777,NaN,NaN,NaN,NaN
2023-04-03,27.509,28,27.336,27.965,NaN,NaN,NaN,NaN
2023-04-04,27.966,28,27.307,27.453,NaN,NaN,NaN,NaN
2023-04-05,26.829,26.998,26.395,26.881,NaN,NaN,NaN,NaN
2023-04-06,26.584,27.08,26.427,27.037,NaN,NaN,NaN,NaN
2023-04-10,26.823,27.62099,26.669,27.579,NaN,NaN,NaN,NaN
2023-04-11,27.7235,27.79,27.126,27.169,NaN,NaN,NaN,NaN
2023-04-12,27.37,27.46799,26.4475,26.495,NaN,NaN,NaN,NaN
2023-04-13,26.734,26.8869,26.329,26.463,NaN,NaN,NaN,NaN
2023-04-14,26.504,26.883,26.22,26.758,NaN,NaN,NaN,NaN
2023-04-17,26.5655,27.006,26.43318,27.002,NaN,NaN,NaN,NaN
2023-04-18,27.5335,28.11,27.357,27.667,NaN,NaN,NaN,NaN
2023-04-19,27.361,28,27.232,27.931,NaN,NaN,NaN,NaN
2023-04-20,27.671,28.03,27,27.104,NaN,NaN,NaN,NaN
2023-04-21,26.952,27.183,26.722,27.119,NaN,NaN,NaN,NaN
2023-04-24,27.013,27.36599,26.67101,27.042,NaN,NaN,NaN,NaN
2023-04-25,27.078,27.247,26.225,26.241,NaN,NaN,NaN,NaN
2023-04-26,27.002,27.33,26.7051,26.956,NaN,NaN,NaN,NaN
2023-04-27,27.363,27.495,26.62501,27.226,NaN,NaN,NaN,NaN
2023-04-28,27.225,27.758,27.07148,27.749,NaN,NaN,NaN,NaN
2023-05-01,27.84,29.05844,27.78,28.91,NaN,NaN,NaN,NaN
2023-05-02,28.68,28.83599,28.083,28.21,NaN,NaN,NaN,NaN
2023-05-03,27.84,28.367,27.472,27.802,NaN,NaN,NaN,NaN
2023-05-04,27.651,27.859,27.24,27.562,NaN,NaN,NaN,NaN
2023-05-05,27.8255,28.755,27.731,28.68,NaN,NaN,NaN,NaN
2023-05-08,28.522,29.22,28.35,29.151,NaN,NaN,NaN,NaN
2023-05-09,28.899,28.973,28.45,28.571,NaN,NaN,NaN,NaN
2023-05-10,29.005,29.113,28.46128,28.885,NaN,NaN,NaN,NaN
2023-05-11,28.896,28.95,28.246,28.578,NaN,NaN,NaN,NaN
2023-05-12,28.529,28.78,28.046,28.34,NaN,NaN,NaN,NaN
2023-05-15,28.5085,28.969,28.152,28.953,NaN,NaN,NaN,NaN
2023-05-16,28.841,29.87,28.832,29.213,NaN,NaN,NaN,NaN
2023-05-17,29.584,30.199,29.43001,30.178,NaN,NaN,NaN,NaN
2023-05-18,30.41,31.828,30.32,31.678,NaN,NaN,NaN,NaN
2023-05-19,31.536,31.58,30.916,31.264,NaN,NaN,NaN,NaN
2023-05-22,30.901,31.52,30.68,31.176,NaN,NaN,NaN,NaN
2023-05-23,31,31.288,30.631,30.688,NaN,NaN,NaN,NaN
2023-05-24,30.21,30.607,29.806,30.538,NaN,NaN,NaN,NaN
2023-05-25,38.523,39.48,36.635,37.98,NaN,NaN,NaN,NaN
2023-05-26,37.89,39.17,37.55,38.946,NaN,NaN,NaN,NaN
2023-05-30,40.595,41.938,39.949,40.111,NaN,NaN,NaN,NaN
2023-05-31,39.488,40.295,37.822,37.834,NaN,NaN,NaN,NaN
2023-06-01,38.489,40.05,38.34,39.77,NaN,NaN,NaN,NaN
2023-06-02,40.097,40.5,39.05801,39.327,NaN,NaN,NaN,NaN
2023-06-05,38.909,39.56503,38.707,39.171,NaN,NaN,NaN,NaN
2023-06-06,38.83,39.16,38.148,38.654,NaN,NaN,NaN,NaN
2023-06-07,38.915,39.499,37.356,37.475,NaN,NaN,NaN,NaN
2023-06-08,37.724,38.864,37.505,38.51,NaN,NaN,NaN,NaN
2023-06-09,39.037,39.711,38.567,38.77,NaN,NaN,NaN,NaN
2023-06-12,39.2,39.52999,38.618,39.482,NaN,NaN,NaN,NaN
2023-06-13,40.186,41.101,39.74,41.022,NaN,NaN,NaN,NaN
2023-06-14,40.824,43,40.552,42.997,NaN,NaN,NaN,NaN
2023-06-15,42.602,43.289,42.147,42.653,NaN,NaN,NaN,NaN
2023-06-16,43.45,43.721,42.6605,42.692,NaN,NaN,NaN,NaN
2023-06-20,42.998,43.99,42.674,43.808,NaN,NaN,NaN,NaN
2023-06-21,43.501,43.615,42.08,43.045,NaN,NaN,NaN,NaN
2023-06-22,42.253,43.4255,42.234,43.025,NaN,NaN,NaN,NaN
2023-06-23,42.464,42.809,42.015,42.209,NaN,NaN,NaN,NaN
2023-06-26,42.461,42.764,40.1,40.632,NaN,NaN,NaN,NaN
2023-06-27,40.799,41.94,40.448,41.876,NaN,NaN,NaN,NaN
2023-06-28,40.66,41.845,40.518,41.117,NaN,NaN,NaN,NaN
2023-06-29,41.558,41.6,40.6,40.822,NaN,NaN,NaN,NaN
2023-06-30,41.68,42.55,41.501,42.302,NaN,NaN,NaN,NaN
2023-07-03,42.517,42.898,42.202,42.413,NaN,NaN,NaN,NaN
2023-07-05,42.135,43.177,42.085,42.317,NaN,NaN,NaN,NaN
2023-07-06,41.844,42.179,41.346,42.103,NaN,NaN,NaN,NaN
2023-07-07,42.322,43.214,42.18,42.503,NaN,NaN,NaN,NaN
2023-07-10,42.657,42.811,41.649,42.18,NaN,NaN,NaN,NaN
2023-07-11,42.481,42.758,42.067,42.405,NaN,NaN,NaN,NaN
2023-07-12,43.033,43.935,42.77728,43.902,NaN,NaN,NaN,NaN
2023-07-13,44.518,46.155,44.492,45.977,NaN,NaN,NaN,NaN
2023-07-14,46.58281,48.088,45.06,45.469,NaN,NaN,NaN,NaN
2023-07-17,46.289,46.496,45.26241,46.461,NaN,NaN,NaN,NaN
2023-07-18,46.701,47.89599,45.734,47.494,NaN,NaN,NaN,NaN
2023-07-19,47.464,47.818,46.742,47.077,NaN,NaN,NaN,NaN
2023-07-20,46.507,47.087,45.062,45.52,NaN,NaN,NaN,NaN
2023-07-21,45.788,45.866,44.1,44.309,NaN,NaN,NaN,NaN
2023-07-24,44.731,45.109,44.04,44.612,NaN,NaN,NaN,NaN
2023-07-25,44.941,46.1825,44.923,45.679,NaN,NaN,NaN,NaN
2023-07-26,46.021,46.053,44.63,45.452,NaN,NaN,NaN,NaN
2023-07-27,46.519,47.395,45.75,45.9,NaN,NaN,NaN,NaN
2023-07-28,46.668,47.027,46.381,46.75,NaN,NaN,NaN,NaN
2023-07-31,46.754,47.13,46.50601,46.729,NaN,NaN,NaN,NaN
2023-08-01,46.4595,46.9,46.027,46.507,NaN,NaN,NaN,NaN
2023-08-02,45.831,45.84,43.387,44.269,NaN,NaN,NaN,NaN
2023-08-03,43.8,45.118,43.8,44.515,NaN,NaN,NaN,NaN
2023-08-04,44.985,45.642,44.393,44.68,NaN,NaN,NaN,NaN
2023-08-07,45.111,45.54,44.56345,45.4165,NaN,NaN,NaN,NaN
2023-08-08,44.853,45.242,44.05601,44.664,NaN,NaN,NaN,NaN
2023-08-09,44.274,44.312,42.134,42.554,NaN,NaN,NaN,NaN
2023-08-10,42.16,43.574,41.835,42.388,NaN,NaN,NaN,NaN
2023-08-11,41.751,42.018,40.639,40.855,NaN,NaN,NaN,NaN
2023-08-14,40.486,43.8,40.311,43.753,NaN,NaN,NaN,NaN
2023-08-15,44.56,45.268,43.71,43.94,NaN,NaN,NaN,NaN
2023-08-16,44.52,44.675,43.406,43.486,NaN,NaN,NaN,NaN
2023-08-17,43.97,44.062,43.001,43.3435,NaN,NaN,NaN,NaN
2023-08-18,42.635,43.57799,41.66,43.299,NaN,NaN,NaN,NaN
2023-08-21,44.494,47.065,44.222,46.967,NaN,NaN,NaN,NaN
2023-08-22,48.135,48.187,45.3331,45.668,NaN,NaN,NaN,NaN
2023-08-23,45.866,47.2,45.208,47.116,NaN,NaN,NaN,NaN
2023-08-24,50.216,50.266,47.159,47.163,NaN,NaN,NaN,NaN
2023-08-25,47.012,47.805,45.024,46.018,NaN,NaN,NaN,NaN
2023-08-28,46.482,46.98,44.888,46.835,NaN,NaN,NaN,NaN
2023-08-29,46.666,49.081,46.39101,48.784,NaN,NaN,NaN,NaN
2023-08-30,49.044,49.927,48.425,49.264,NaN,NaN,NaN,NaN
2023-08-31,49.38,49.744,48.958,49.355,NaN,NaN,NaN,NaN
2023-09-01,49.762,49.8,48.1416,48.509,NaN,NaN,NaN,NaN
2023-09-05,48.223,48.85081,47.86,48.548,NaN,NaN,NaN,NaN
2023-09-06,48.441,48.549,46.58,47.061,NaN,NaN,NaN,NaN
2023-09-07,45.525,46.344,45.152,46.241,NaN,NaN,NaN,NaN
2023-09-08,45.942,46.606,45.271,45.572,NaN,NaN,NaN,NaN
2023-09-11,46.148,46.163,44.312,45.178,NaN,NaN,NaN,NaN
2023-09-12,44.738,45.673,44.531,44.87,NaN,NaN,NaN,NaN
2023-09-13,44.6,45.93,44.503,45.485,NaN,NaN,NaN,NaN
2023-09-14,45.95,45.98699,45.131,45.581,NaN,NaN,NaN,NaN
2023-09-15,45.341,45.599,43.808,43.9,NaN,NaN,NaN,NaN
2023-09-18,42.748,44.242,42,43.966,NaN,NaN,NaN,NaN
2023-09-19,43.833,43.966,43.002,43.52,NaN,NaN,NaN,NaN
2023-09-20,43.6,43.903,42.223,42.239,NaN,NaN,NaN,NaN
2023-09-21,41.583,42.1,40.98,41.017,NaN,NaN,NaN,NaN
2023-09-22,41.572,42.115,41.231,41.61,NaN,NaN,NaN,NaN
2023-09-25,41.591,42.536,41.177,42.222,NaN,NaN,NaN,NaN
2023-09-26,42.001,42.82,41.655,41.911,NaN,NaN,NaN,NaN
2023-09-27,42.33,42.872,41.62901,42.468,NaN,NaN,NaN,NaN
2023-09-28,42.46,43.44631,42.115,43.089,NaN,NaN,NaN,NaN
2023-09-29,43.827,44.144,43.30694,43.499,NaN,NaN,NaN,NaN
2023-10-02,44.03,45.175,43.861,44.782,NaN,NaN,NaN,NaN
2023-10-03,44.808,45.13,43.246,43.517,NaN,NaN,NaN,NaN
2023-10-04,43.742,44.143,43.29201,44.041,NaN,NaN,NaN,NaN
2023-10-05,44.05,44.9,43.888,44.688,NaN,NaN,NaN,NaN
2023-10-06,44.193,45.789,44.026,45.762,NaN,NaN,NaN,NaN
2023-10-09,44.842,45.605,44.368,45.273,NaN,NaN,NaN,NaN
2023-10-10,45.31,46.259,45.088,45.798,NaN,NaN,NaN,NaN
2023-10-11,46.196,46.859,46.05,46.806,NaN,NaN,NaN,NaN
2023-10-12,46.777,47.609,46.33,46.945,NaN,NaN,NaN,NaN
2023-10-13,46.96,47.116,45.28,45.461,NaN,NaN,NaN,NaN
2023-10-16,45.063,46.225,44.912,46.095,NaN,NaN,NaN,NaN
2023-10-17,44,44.754,42.48,43.938,NaN,NaN,NaN,NaN
2023-10-18,42.591,43.219,41.825,42.196,NaN,NaN,NaN,NaN
2023-10-19,42.811,43.297,41.882,42.101,NaN,NaN,NaN,NaN
2023-10-20,41.89,42.47,41.078,41.387,NaN,NaN,NaN,NaN
2023-10-23,41.229,43.24799,40.945,42.975,NaN,NaN,NaN,NaN
2023-10-24,43.077,43.697,42.691,43.663,NaN,NaN,NaN,NaN
2023-10-25,43.398,43.65,41.555,41.779,NaN,NaN,NaN,NaN
2023-10-26,41.853,42.25555,39.88019,40.326,NaN,NaN,NaN,NaN
2023-10-27,41.13,41.206,40.015,40.5,NaN,NaN,NaN,NaN
2023-10-30,41.087,41.766,40.481,41.161,NaN,NaN,NaN,NaN
2023-10-31,40.45,40.879,39.23001,40.78,NaN,NaN,NaN,NaN
2023-11-01,40.884,42.381,40.869,42.325,NaN,NaN,NaN,NaN
2023-11-02,43.328,43.884,42.894,43.506,NaN,NaN,NaN,NaN
2023-11-03,44.02,45.30899,43.723,45.005,NaN,NaN,NaN,NaN
2023-11-06,45.2845,45.935,44.899,45.751,NaN,NaN,NaN,NaN
2023-11-07,45.719,46.218,45.1575,45.955,NaN,NaN,NaN,NaN
2023-11-08,46.1,46.867,45.968,46.574,NaN,NaN,NaN,NaN
2023-11-09,47.467,48.23,46.75,46.95,NaN,NaN,NaN,NaN
2023-11-10,47.5,48.472,47.28301,48.335,NaN,NaN,NaN,NaN
2023-11-13,48.32,49.116,48.09901,48.62,NaN,NaN,NaN,NaN
2023-11-14,49.68,49.834,49.04001,49.656,NaN,NaN,NaN,NaN
2023-11-15,49.935,49.96,48.2,48.888,NaN,NaN,NaN,NaN
2023-11-16,48.679,49.52469,48.33,49.48,NaN,NaN,NaN,NaN
2023-11-17,49.524,49.717,49.007,49.298,NaN,NaN,NaN,NaN
2023-11-20,49.312,50.548,49.18101,50.409,NaN,NaN,NaN,NaN
2023-11-21,50.126,50.517,49.222,49.944,NaN,NaN,NaN,NaN
2023-11-22,49.852,50.33494,47.69,48.716,NaN,NaN,NaN,NaN
2023-11-24,48.47001,48.921,47.745,47.776,NaN,NaN,NaN,NaN
2023-11-27,47.8,48.53,47.652,48.242,NaN,NaN,NaN,NaN
2023-11-28,48.236,48.3229,47.473,47.821,NaN,NaN,NaN,NaN
2023-11-29,48.379,48.762,47.86,48.14,NaN,NaN,NaN,NaN
2023-11-30,48.024,48.11,46.422,46.77,NaN,NaN,NaN,NaN
2023-12-01,46.525,47.2,46.187,46.765,NaN,NaN,NaN,NaN
2023-12-04,46.077,46.077,45.01,45.51,NaN,NaN,NaN,NaN
2023-12-05,45.466,46.6,45.271,46.566,NaN,NaN,NaN,NaN
2023-12-06,47.2145,47.387,45.412,45.503,NaN,NaN,NaN,NaN
2023-12-07,45.7,46.629,45.604,46.596,NaN,NaN,NaN,NaN
2023-12-08,46.595,47.74085,46.55,47.506,NaN,NaN,NaN,NaN
2023-12-11,47.491,47.531,45.83,46.627,NaN,NaN,NaN,NaN
2023-12-12,46.046,47.666,46.046,47.657,NaN,NaN,NaN,NaN
2023-12-13,47.629,48.594,47.608,48.088,NaN,NaN,NaN,NaN
2023-12-14,48.39,48.67,47.422,48.35,NaN,NaN,NaN,NaN
2023-12-15,48.194,49.404,48.12,48.89,NaN,NaN,NaN,NaN
2023-12-18,49.4,50.43299,49.15,50.077,NaN,NaN,NaN,NaN
2023-12-19,49.424,49.7,48.895,49.604,NaN,NaN,NaN,NaN
2023-12-20,49.655,49.999,48.098,48.111,NaN,NaN,NaN,NaN
2023-12-21,48.811,49.095,48.419,48.99,NaN,NaN,NaN,NaN
2023-12-22,49.195,49.383,48.467,48.83,NaN,NaN,NaN,NaN
2023-12-26,48.968,49.6,48.96,49.279,NaN,NaN,NaN,NaN
2023-12-27,49.511,49.68,49.085,49.417,NaN,NaN,NaN,NaN
2023-12-28,49.643,49.88399,49.412,49.522,NaN,NaN,NaN,NaN
2023-12-29,49.813,49.997,48.751,49.522,NaN,NaN,NaN,NaN
2024-01-02,49.244,49.295,47.595,48.168,NaN,NaN,NaN,NaN
2024-01-03,47.485,48.1841,47.32,47.569,NaN,NaN,NaN,NaN
2024-01-04,47.767,48.5,47.508,47.998,NaN,NaN,NaN,NaN
2024-01-05,48.462,49.547,48.30601,49.097,NaN,NaN,NaN,NaN
2024-01-08,49.512,52.275,49.479,52.253,NaN,NaN,NaN,NaN
2024-01-09,52.401,54.325,51.69,53.14,NaN,NaN,NaN,NaN
2024-01-10,53.616,54.6,53.489,54.35,NaN,NaN,NaN,NaN
2024-01-11,54.999,55.346,53.56,54.822,NaN,NaN,NaN,NaN
2024-01-12,54.62,54.97,54.33008,54.71,NaN,NaN,NaN,NaN
2024-01-16,55.018,56.83499,54.9,56.382,NaN,NaN,NaN,NaN
2024-01-17,56.347,56.47068,54.74,56.053,NaN,NaN,NaN,NaN
2024-01-18,57.26,57.6,56.107,57.107,NaN,NaN,NaN,NaN
2024-01-19,57.989,59.5,57.225,59.491,NaN,NaN,NaN,NaN
2024-01-22,60.049,60.331,59.07,59.654,NaN,NaN,NaN,NaN
2024-01-23,59.57,59.91,58.585,59.873,NaN,NaN,NaN,NaN
2024-01-24,60.304,62.849,59.938,61.362,NaN,NaN,NaN,NaN
2024-01-25,62.35,62.719,60.85,61.617,NaN,NaN,NaN,NaN
2024-01-26,60.96,61.783,60.573,61.031,NaN,NaN,NaN,NaN
2024-01-29,61.232,62.489,60.907,62.465,NaN,NaN,NaN,NaN
2024-01-30,62.9,63.493,62.26,62.774,NaN,NaN,NaN,NaN
2024-01-31,61.44,62.26902,60.7,61.527,NaN,NaN,NaN,NaN
2024-02-01,62.1,63.191,61.65,63.027,NaN,NaN,NaN,NaN
2024-02-02,63.974,66.6,63.69,66.16,NaN,NaN,NaN,NaN
2024-02-05,68.225,69.497,67.205,69.332,NaN,NaN,NaN,NaN
2024-02-06,69.63,69.75399,66.3,68.223,NaN,NaN,NaN,NaN
2024-02-07,68.319,70.22,67.6,70.099,NaN,NaN,NaN,NaN
2024-02-08,70.074,70.794,69.455,69.641,NaN,NaN,NaN,NaN
2024-02-09,70.533,72.185,70.212,72.133,NaN,NaN,NaN,NaN
2024-02-12,72.6,74.611,71.25,72.248,NaN,NaN,NaN,NaN
2024-02-13,70.4,73.45,69.62,72.128,NaN,NaN,NaN,NaN
2024-02-14,73.202,74.236,71.938,73.9,NaN,NaN,NaN,NaN
2024-02-15,73.869,73.975,72.4,72.658,NaN,NaN,NaN,NaN
2024-02-16,74.1,74.402,72.501,72.613,NaN,NaN,NaN,NaN
2024-02-20,71.947,71.956,67.734,69.452,NaN,NaN,NaN,NaN
2024-02-21,68.006,68.888,66.248,67.472,NaN,NaN,NaN,NaN
2024-02-22,75.025,78.575,74.22,78.538,NaN,NaN,NaN,NaN
2024-02-23,80.79,82.394,77.57,78.817,NaN,NaN,NaN,NaN
2024-02-26,79.7,80.64599,78.505,79.092,NaN,NaN,NaN,NaN
2024-02-27,79.381,79.48,77.162,78.701,NaN,NaN,NaN,NaN
2024-02-28,77.62,78.933,77.125,77.663,NaN,NaN,NaN,NaN
2024-02-29,79.094,79.99,78.35,79.112,NaN,NaN,NaN,NaN
2024-03-01,80,82.3,79.43503,82.279,NaN,NaN,NaN,NaN
2024-03-04,84.13,87.695,83.719,85.237,NaN,NaN,NaN,NaN
2024-03-05,85.27,86.097,83.41701,85.964,NaN,NaN,NaN,NaN
2024-03-06,88.022,89.724,87.03001,88.7,NaN,NaN,NaN,NaN
2024-03-07,90.158,92.767,89.60201,92.669,NaN,NaN,NaN,NaN
2024-03-08,95.1379,97.4,86.506,87.528,NaN,NaN,NaN,NaN
2024-03-11,86.429,88.797,84.166,85.774,NaN,NaN,NaN,NaN
2024-03-12,88.049,91.96,86.1501,91.913,NaN,NaN,NaN,NaN
2024-03-13,91.055,91.504,88.435,90.888,NaN,NaN,NaN,NaN
2024-03-14,89.577,90.646,86.6,87.944,NaN,NaN,NaN,NaN
2024-03-15,86.93,89.546,86.257,87.8365,NaN,NaN,NaN,NaN
2024-03-18,90.388,92.405,87.085,88.455,NaN,NaN,NaN,NaN
2024-03-19,86.7,90.544,85.01,89.398,NaN,NaN,NaN,NaN
2024-03-20,89.797,90.41,88.223,90.372,NaN,NaN,NaN,NaN
2024-03-21,92.3,92.648,90.405,91.435,NaN,NaN,NaN,NaN
2024-03-22,91.141,94.77799,90.83401,94.289,NaN,NaN,NaN,NaN
2024-03-25,93.941,96.76599,93.51,95.002,NaN,NaN,NaN,NaN
2024-03-26,95.851,96.375,92.502,92.561,NaN,NaN,NaN,NaN
2024-03-27,93.112,93.24,89.123,90.25,NaN,NaN,NaN,NaN
2024-03-28,90,91.3,89.193,90.356,NaN,NaN,NaN,NaN
2024-04-01,90.299,92.225,89.204,90.363,NaN,NaN,NaN,NaN
2024-04-02,88.448,90.094,87.62,89.452,NaN,NaN,NaN,NaN
2024-04-03,88.484,90.374,88.4,88.964,NaN,NaN,NaN,NaN
2024-04-04,90.406,90.63399,85.88,85.905,NaN,NaN,NaN,NaN
2024-04-05,86.866,88.481,85.926,88.008,NaN,NaN,NaN,NaN
2024-04-08,88.7,88.83,86.732,87.133,NaN,NaN,NaN,NaN
2024-04-09,87.442,87.635,83.022,85.354,NaN,NaN,NaN,NaN
2024-04-10,83.926,87.4,83.709,87.039,NaN,NaN,NaN,NaN
2024-04-11,87.42,90.73899,86.926,90.616,NaN,NaN,NaN,NaN
2024-04-12,89.699,90.17499,87.53,88.186,NaN,NaN,NaN,NaN
2024-04-15,89.098,90.613,85.92901,86.001,NaN,NaN,NaN,NaN
2024-04-16,86.4325,88.118,86.0639,87.415,NaN,NaN,NaN,NaN
2024-04-17,88.34,88.775,83.95,84.035,NaN,NaN,NaN,NaN
2024-04-18,84.97,86.18999,82.402,84.671,NaN,NaN,NaN,NaN
2024-04-19,83.15,84.324,75.606,76.2,NaN,NaN,NaN,NaN
2024-04-22,78.104,80.073,76.4,79.518,NaN,NaN,NaN,NaN
2024-04-23,80.769,82.769,80.264,82.423,NaN,NaN,NaN,NaN
2024-04-24,83.95,84.082,79.183,79.677,NaN,NaN,NaN,NaN
2024-04-25,78.86801,83.32299,78.223,82.632,NaN,NaN,NaN,NaN
2024-04-26,83.818,88.33093,83.387,87.735,NaN,NaN,NaN,NaN
2024-04-29,87.595,87.992,85.266,87.757,NaN,NaN,NaN,NaN
2024-04-30,87.24,88.819,86.3,86.402,NaN,NaN,NaN,NaN
2024-05-01,85.077,86,81.25456,83.041,NaN,NaN,NaN,NaN
2024-05-02,84.449,86.237,83.2,85.817,NaN,NaN,NaN,NaN
2024-05-03,87.789,89.281,87.04,88.789,NaN,NaN,NaN,NaN
2024-05-06,89.39,92.22,89.055,92.14,NaN,NaN,NaN,NaN
2024-05-07,91.098,91.78099,89.011,90.554,NaN,NaN,NaN,NaN
2024-05-08,89.4825,91.194,89.42,90.412,NaN,NaN,NaN,NaN
2024-05-09,90.529,91.072,88.231,88.747,NaN,NaN,NaN,NaN
2024-05-10,90.3045,91.401,89.227,89.878,NaN,NaN,NaN,NaN
2024-05-13,90.478,90.998,88.529,90.399,NaN,NaN,NaN,NaN
2024-05-14,89.599,91.651,88.934,91.356,NaN,NaN,NaN,NaN
2024-05-15,92.472,94.862,91.599,94.63,NaN,NaN,NaN,NaN
2024-05-16,94.91,95.81899,94.103,94.359,NaN,NaN,NaN,NaN
2024-05-17,94.369,94.74,91.806,92.479,NaN,NaN,NaN,NaN
2024-05-20,93.75,95.2,93.44,94.78,NaN,NaN,NaN,NaN
2024-05-21,93.599,95.4,93.18,95.386,NaN,NaN,NaN,NaN
2024-05-22,95.459,96.02,93.249,94.95,NaN,NaN,NaN,NaN
2024-05-23,102.028,106.32,101.52,103.799,NaN,NaN,NaN,NaN
2024-05-24,104.449,106.475,103,106.469,NaN,NaN,NaN,NaN
2024-05-28,110.244,114.939,109.883,113.901,NaN,NaN,NaN,NaN
2024-05-29,113.05,115.492,110.901,114.825,NaN,NaN,NaN,NaN
2024-05-30,114.65,115.81915,109.663,110.5,NaN,NaN,NaN,NaN
2024-05-31,112.52,112.717,106.94,109.633,NaN,NaN,NaN,NaN
2024-06-03,113.621,115,112.003,115,NaN,NaN,NaN,NaN
2024-06-04,115.716,116.6,114.045,116.437,NaN,NaN,NaN,NaN
2024-06-05,118.371,122.4495,117.468,122.44,NaN,NaN,NaN,NaN
2024-06-06,124.048,125.587,118.32,120.998,NaN,NaN,NaN,NaN
2024-06-07,119.77,121.69171,118.022,120.888,NaN,NaN,NaN,NaN
2024-06-10,120.37,123.1,117.01,121.79,NaN,NaN,NaN,NaN
2024-06-11,121.77,122.87,118.74,120.91,NaN,NaN,NaN,NaN
2024-06-12,123.06,126.88,122.57,125.2,NaN,NaN,NaN,NaN
2024-06-13,129.39,129.8,127.16,129.61,NaN,NaN,NaN,NaN
2024-06-14,129.96,132.84,128.32,131.88,NaN,NaN,NaN,NaN
2024-06-17,132.99,133.73,129.58,130.98,NaN,NaN,NaN,NaN
2024-06-18,131.14,136.33,130.69,135.58,NaN,NaN,NaN,NaN
2024-06-20,139.8,140.76,129.52,130.78,NaN,NaN,NaN,NaN
2024-06-21,127.12,130.63,124.3,126.57,NaN,NaN,NaN,NaN
2024-06-24,123.24,124.46,118.04,118.11,NaN,NaN,NaN,NaN
2024-06-25,121.2,126.5,119.32,126.09,NaN,NaN,NaN,NaN
2024-06-26,126.13,128.12,122.6,126.4,NaN,NaN,NaN,NaN
2024-06-27,124.1,126.41,122.92,123.99,NaN,NaN,NaN,NaN
2024-06-28,124.58,127.71,122.75,123.54,NaN,NaN,NaN,NaN
2024-07-01,123.47,124.84,118.83,124.3,NaN,NaN,NaN,NaN
2024-07-02,121.13,123.41,121.03,122.67,NaN,NaN,NaN,NaN
2024-07-03,121.66,128.28,121.36,128.28,NaN,NaN,NaN,NaN
2024-07-05,127.38,128.85,125.68,125.83,NaN,NaN,NaN,NaN
2024-07-08,127.49,130.77,127.04,128.2,NaN,NaN,NaN,NaN
2024-07-09,130.35,133.82,128.65,131.38,NaN,NaN,NaN,NaN
2024-07-10,134.03,135.1,132.42,134.91,NaN,NaN,NaN,NaN
2024-07-11,135.75,136.15,127.05,127.4,NaN,NaN,NaN,NaN
2024-07-12,128.26,131.92,127.22,129.24,NaN,NaN,NaN,NaN
2024-07-15,130.56,131.39,127.18,128.44,NaN,NaN,NaN,NaN
2024-07-16,128.44,129.04,124.58,126.36,NaN,NaN,NaN,NaN
2024-07-17,121.35,121.85,116.72,117.99,NaN,NaN,NaN,NaN
2024-07-18,121.85,122.4,116.56,121.09,NaN,NaN,NaN,NaN
2024-07-19,120.35,121.6,117.37,117.93,NaN,NaN,NaN,NaN
2024-07-22,120.35,124.07,119.86,123.54,NaN,NaN,NaN,NaN
2024-07-23,122.78,124.69,122.1,122.59,NaN,NaN,NaN,NaN
2024-07-24,119.17,119.95,113.44,114.25,NaN,NaN,NaN,NaN
2024-07-25,113.04,116.63,106.3,112.28,NaN,NaN,NaN,NaN
2024-07-26,116.19,116.2,111.58,113.06,NaN,NaN,NaN,NaN
2024-07-29,113.69,116.28,111.3,111.59,NaN,NaN,NaN,NaN
2024-07-30,111.52,111.99,102.54,103.73,NaN,NaN,NaN,NaN
2024-07-31,112.9,118.34,110.88,117.02,NaN,NaN,NaN,NaN
2024-08-01,117.53,120.16,106.8104,109.21,NaN,NaN,NaN,NaN
2024-08-02,103.76,108.72,101.37,107.27,NaN,NaN,NaN,NaN
2024-08-05,92.06,103.41,90.69,100.45,NaN,NaN,NaN,NaN
2024-08-06,103.84,107.71,100.55,104.25,NaN,NaN,NaN,NaN
2024-08-07,107.81,108.8,98.69,98.91,NaN,NaN,NaN,NaN
2024-08-08,102,105.5,97.52,104.97,NaN,NaN,NaN,NaN
2024-08-09,105.64,106.6,103.43,104.75,NaN,NaN,NaN,NaN
2024-08-12,106.32,111.07,106.26,109.02,NaN,NaN,NaN,NaN
2024-08-13,112.44,116.23,111.58,116.14,NaN,NaN,NaN,NaN
2024-08-14,118.53,118.6,114.07,118.08,NaN,NaN,NaN,NaN
2024-08-15,118.76,123.24,117.47,122.86,NaN,NaN,NaN,NaN
2024-08-16,121.94,125,121.18,124.58,NaN,NaN,NaN,NaN
2024-08-19,124.28,130,123.42,130,NaN,NaN,NaN,NaN
2024-08-20,128.4,129.88,125.89,127.25,NaN,NaN,NaN,NaN
2024-08-21,127.315,129.35,126.66,128.5,NaN,NaN,NaN,NaN
2024-08-22,130.02,130.75,123.1,123.74,NaN,NaN,NaN,NaN
2024-08-23,125.86,129.6,125.22,129.37,NaN,NaN,NaN,NaN
2024-08-26,129.57,131.26,124.37,126.46,NaN,NaN,NaN,NaN
2024-08-27,125.05,129.2,123.88,128.3,NaN,NaN,NaN,NaN
2024-08-28,128.12,128.33,122.64,125.61,NaN,NaN,NaN,NaN
2024-08-29,121.355,124.43,116.71,117.59,NaN,NaN,NaN,NaN
2024-08-30,119.53,121.75,117.22,119.37,NaN,NaN,NaN,NaN
2024-09-03,116.01,116.21,107.29,108,NaN,NaN,NaN,NaN
2024-09-04,105.41,113.27,104.12,106.21,NaN,NaN,NaN,NaN
2024-09-05,104.985,109.65,104.76,107.21,NaN,NaN,NaN,NaN
2024-09-06,108.04,108.15,100.95,102.83,NaN,NaN,NaN,NaN
2024-09-09,104.88,106.55,103.69,106.47,NaN,NaN,NaN,NaN
2024-09-10,107.81,109.4,104.95,108.1,NaN,NaN,NaN,NaN
2024-09-11,109.39,117.19,107.42,116.91,NaN,NaN,NaN,NaN
2024-09-12,116.84,120.79,115.38,119.14,NaN,NaN,NaN,NaN
2024-09-13,119.08,119.955,117.6,119.1,NaN,NaN,NaN,NaN
2024-09-16,116.79,118.18,114.36,116.78,NaN,NaN,NaN,NaN
2024-09-17,118.17,118.8,114.83,115.59,NaN,NaN,NaN,NaN
2024-09-18,115.89,117.7,113.22,113.37,NaN,NaN,NaN,NaN
2024-09-19,117.35,119.66,117.25,117.87,NaN,NaN,NaN,NaN
2024-09-20,117.06,118.6181,115.3901,116,NaN,NaN,NaN,NaN
2024-09-23,116.55,116.99,114.86,116.26,NaN,NaN,NaN,NaN
2024-09-24,116.515,121.8,115.38,120.87,NaN,NaN,NaN,NaN
2024-09-25,122.02,124.94,121.61,123.51,NaN,NaN,NaN,NaN
2024-09-26,126.8,127.665,121.8,124.04,NaN,NaN,NaN,NaN
2024-09-27,123.97,124.03,119.26,121.4,NaN,NaN,NaN,NaN
2024-09-30,118.31,121.5,118.15,121.44,NaN,NaN,NaN,NaN
2024-10-01,121.765,122.4351,115.79,117,NaN,NaN,NaN,NaN
2024-10-02,116.44,119.38,115.14,118.85,NaN,NaN,NaN,NaN
2024-10-03,120.92,124.36,120.3401,122.85,NaN,NaN,NaN,NaN
2024-10-04,124.94,125.04,121.83,124.92,NaN,NaN,NaN,NaN
2024-10-07,124.99,130.64,124.95,127.72,NaN,NaN,NaN,NaN
2024-10-08,130.26,133.48,129.42,132.89,NaN,NaN,NaN,NaN
2024-10-09,134.11,134.52,131.38,132.65,NaN,NaN,NaN,NaN
2024-10-10,131.91,135,131,134.81,NaN,NaN,NaN,NaN
2024-10-11,134.01,135.78,133.66,134.8,NaN,NaN,NaN,NaN
2024-10-14,136.47,139.6,136.3,138.07,NaN,NaN,NaN,NaN
2024-10-15,137.87,138.57,128.74,131.6,NaN,NaN,NaN,NaN
2024-10-16,133.98,136.62,131.58,135.72,NaN,NaN,NaN,NaN
2024-10-17,139.34,140.89,136.87,136.93,NaN,NaN,NaN,NaN
2024-10-18,138.665,138.9,137.28,138,NaN,NaN,NaN,NaN
2024-10-21,138.13,143.71,138,143.71,NaN,NaN,NaN,NaN
2024-10-22,142.91,144.42,141.78,143.59,NaN,NaN,NaN,NaN
2024-10-23,142.03,142.43,137.46,139.56,NaN,NaN,NaN,NaN
2024-10-24,140.82,141.35,138.46,140.41,NaN,NaN,NaN,NaN
2024-10-25,140.93,144.13,140.8,141.54,NaN,NaN,NaN,NaN
2024-10-28,143,143.14,140.05,140.52,NaN,NaN,NaN,NaN
2024-10-29,140.285,142.2598,138.9,141.25,NaN,NaN,NaN,NaN
2024-10-30,139.54,140.33,136.81,139.335,NaN,NaN,NaN,NaN
2024-10-31,137.6,137.61,132.1106,132.76,NaN,NaN,NaN,NaN
2024-11-01,134.7,137.31,134.57,135.4,NaN,NaN,NaN,NaN
2024-11-04,137.21,138.96,135.57,136.05,NaN,NaN,NaN,NaN
2024-11-05,137.45,140.3701,137.33,139.91,NaN,NaN,NaN,NaN
2024-11-06,142.96,146.49,141.96,145.61,NaN,NaN,NaN,NaN
2024-11-07,146.39,148.93,146.17,148.88,NaN,NaN,NaN,NaN
2024-11-08,148.77,149.77,146.26,147.63,NaN,NaN,NaN,NaN
2024-11-11,148.68,148.85,143.57,145.26,NaN,NaN,NaN,NaN
2024-11-12,146.78,149.65,146.01,148.29,NaN,NaN,NaN,NaN
2024-11-13,149.07,149.33,145.9,146.27,NaN,NaN,NaN,NaN
2024-11-14,147.64,149,145.55,146.76,NaN,NaN,NaN,NaN
2024-11-15,144.87,145.24,140.08,141.98,NaN,NaN,NaN,NaN
2024-11-18,139.5,141.55,137.15,140.15,NaN,NaN,NaN,NaN
2024-11-19,141.32,147.13,140.99,147.01,NaN,NaN,NaN,NaN
2024-11-20,147.41,147.56,142.73,145.89,NaN,NaN,NaN,NaN
2024-11-21,149.35,152.89,140.7,146.67,NaN,NaN,NaN,NaN
2024-11-22,145.93,147.16,141.1,141.95,NaN,NaN,NaN,NaN
2024-11-25,141.99,142.05,135.82,136.02,NaN,NaN,NaN,NaN
2024-11-26,137.7,139.3,135.67,136.92,NaN,NaN,NaN,NaN
2024-11-27,135.01,137.22,131.8,135.34,NaN,NaN,NaN,NaN
2024-11-29,136.78,139.35,136.05,138.25,NaN,NaN,NaN,NaN
2024-12-02,138.83,140.45,137.825,138.63,NaN,NaN,NaN,NaN
2024-12-03,138.26,140.54,137.95,140.26,NaN,NaN,NaN,NaN
2024-12-04,141.995,145.79,140.29,145.14,NaN,NaN,NaN,NaN
2024-12-05,145.11,146.54,143.95,145.06,NaN,NaN,NaN,NaN
2024-12-06,144.6,145.7,141.31,142.44,NaN,NaN,NaN,NaN
2024-12-09,138.97,139.95,137.13,138.81,NaN,NaN,NaN,NaN
2024-12-10,139.01,141.82,133.79,135.07,NaN,NaN,NaN,NaN
2024-12-11,137.36,140.17,135.21,139.31,NaN,NaN,NaN,NaN
2024-12-12,137.08,138.44,135.8,137.34,NaN,NaN,NaN,NaN
2024-12-13,138.94,139.6,132.54,134.25,NaN,NaN,NaN,NaN
2024-12-16,134.18,134.4,130.42,132,NaN,NaN,NaN,NaN
2024-12-17,129.09,131.59,126.86,130.39,NaN,NaN,NaN,NaN
2024-12-18,133.86,136.7,128.28,128.91,NaN,NaN,NaN,NaN
2024-12-19,131.76,134.03,129.55,130.68,NaN,NaN,NaN,NaN
2024-12-20,129.81,135.28,128.22,134.7,NaN,NaN,NaN,NaN
2024-12-23,136.28,139.79,135.1201,139.67,NaN,NaN,NaN,NaN
2024-12-24,140,141.9,138.65,140.22,NaN,NaN,NaN,NaN
2024-12-26,139.7,140.85,137.73,139.93,NaN,NaN,NaN,NaN
2024-12-27,138.55,139.02,134.71,137.01,NaN,NaN,NaN,NaN
2024-12-30,134.83,140.27,134.02,137.49,NaN,NaN,NaN,NaN
2024-12-31,138.03,138.07,133.83,134.29,NaN,NaN,NaN,NaN
2025-01-02,136,138.88,134.63,138.31,NaN,NaN,NaN,NaN
2025-01-03,140.01,144.9,139.73,144.47,NaN,NaN,NaN,NaN
2025-01-06,148.59,152.156,147.8201,149.43,NaN,NaN,NaN,NaN
2025-01-07,153.03,153.13,140.01,140.14,NaN,NaN,NaN,NaN
2025-01-08,142.58,143.95,137.56,140.11,NaN,NaN,NaN,NaN
2025-01-10,137.45,139.92,134.22,135.91,NaN,NaN,NaN,NaN
2025-01-13,129.99,133.49,129.51,133.23,NaN,NaN,NaN,NaN
2025-01-14,136.05,136.38,130.05,131.76,NaN,NaN,NaN,NaN
2025-01-15,133.65,136.45,131.29,136.24,NaN,NaN,NaN,NaN
2025-01-16,138.64,138.75,133.49,133.57,NaN,NaN,NaN,NaN
2025-01-17,136.69,138.5,135.4649,137.71,NaN,NaN,NaN,NaN
2025-01-21,139.16,141.83,137.09,140.83,NaN,NaN,NaN,NaN
2025-01-22,144.66,147.79,143.67,147.07,NaN,NaN,NaN,NaN
2025-01-23,145.05,147.23,143.72,147.22,NaN,NaN,NaN,NaN
2025-01-24,148.37,148.97,141.88,142.62,NaN,NaN,NaN,NaN
2025-01-27,124.8,128.4,116.7,118.42,NaN,NaN,NaN,NaN
2025-01-28,121.81,129,116.25,128.99,NaN,NaN,NaN,NaN
2025-01-29,126.5,126.89,120.05,123.7,NaN,NaN,NaN,NaN
2025-01-30,123.1,125,118.1,124.65,NaN,NaN,NaN,NaN
2025-01-31,123.78,127.85,119.19,120.07,NaN,NaN,NaN,NaN
2025-02-03,114.75,118.57,113.01,116.66,NaN,NaN,NaN,NaN
2025-02-04,116.96,121.2,116.7,118.65,NaN,NaN,NaN,NaN
2025-02-05,121.76,125,120.76,124.83,NaN,NaN,NaN,NaN
2025-02-06,127.42,128.77,125.21,128.68,NaN,NaN,NaN,NaN
2025-02-07,129.22,130.37,125,129.84,NaN,NaN,NaN,NaN
2025-02-10,130.09,135,129.96,133.57,NaN,NaN,NaN,NaN
2025-02-11,132.58,134.48,131.02,132.8,NaN,NaN,NaN,NaN
2025-02-12,130.02,132.24,129.08,131.14,NaN,NaN,NaN,NaN
2025-02-13,131.555,136.5,131.17,135.29,NaN,NaN,NaN,NaN
2025-02-14,136.48,139.25,135.5,138.85,NaN,NaN,NaN,NaN
2025-02-18,141.27,143.44,137.925,139.4,NaN,NaN,NaN,NaN
2025-02-19,139.51,141.36,137.22,139.23,NaN,NaN,NaN,NaN
2025-02-20,140.03,140.66,136.7901,140.11,NaN,NaN,NaN,NaN
2025-02-21,140.04,141.46,134.03,134.43,NaN,NaN,NaN,NaN
2025-02-24,136.56,138.59,130.08,130.28,NaN,NaN,NaN,NaN
2025-02-25,129.98,130.2,124.44,126.63,NaN,NaN,NaN,NaN
2025-02-26,129.985,133.73,128.49,131.28,NaN,NaN,NaN,NaN
2025-02-27,135,135.01,120.01,120.15,NaN,NaN,NaN,NaN
2025-02-28,118.02,125.09,116.4,124.92,NaN,NaN,NaN,NaN
2025-03-03,123.51,123.7,112.28,114.06,NaN,NaN,NaN,NaN
2025-03-04,110.645,119.31,110.11,115.99,NaN,NaN,NaN,NaN
2025-03-05,117.58,118.2781,114.51,117.3,NaN,NaN,NaN,NaN
2025-03-06,113.53,115.35,110.22,110.57,NaN,NaN,NaN,NaN
2025-03-07,111.25,113.48,107.56,112.69,NaN,NaN,NaN,NaN
2025-03-10,109.9,111.85,105.46,106.98,NaN,NaN,NaN,NaN
2025-03-11,106.99,112.236,104.77,108.76,NaN,NaN,NaN,NaN
2025-03-12,114.12,116.76,112.88,115.74,NaN,NaN,NaN,NaN
2025-03-13,117.03,117.76,113.79,115.58,NaN,NaN,NaN,NaN
2025-03-14,118.61,121.88,118.15,121.67,NaN,NaN,NaN,NaN
2025-03-17,122.74,122.89,118.03,119.53,NaN,NaN,NaN,NaN
2025-03-18,118,119.02,114.54,115.43,NaN,NaN,NaN,NaN
2025-03-19,117.27,120.445,115.68,117.52,NaN,NaN,NaN,NaN
2025-03-20,116.55,120.2,116.47,118.53,NaN,NaN,NaN,NaN
2025-03-21,116.94,117.99,115.42,117.7,NaN,NaN,NaN,NaN
2025-03-24,119.88,122.22,119.34,121.41,NaN,NaN,NaN,NaN
2025-03-25,120.545,121.29,118.92,120.69,NaN,NaN,NaN,NaN
2025-03-26,118.73,118.84,112.71,113.76,NaN,NaN,NaN,NaN
2025-03-27,111.35,114.45,110.66,111.43,NaN,NaN,NaN,NaN
2025-03-28,111.485,112.87,109.0701,109.67,NaN,NaN,NaN,NaN
2025-03-31,105.13,110.955,103.65,108.38,NaN,NaN,NaN,NaN
2025-04-01,108.515,110.2,106.47,110.15,NaN,NaN,NaN,NaN
2025-04-02,107.29,111.98,106.79,110.42,NaN,NaN,NaN,NaN
2025-04-03,103.51,105.63,101.6,101.8,NaN,NaN,NaN,NaN
2025-04-04,98.91,100.13,92.11,94.31,NaN,NaN,NaN,NaN
2025-04-07,87.46,101.75,86.62,97.64,NaN,NaN,NaN,NaN
2025-04-08,103.805,105.85,94.46,96.3,NaN,NaN,NaN,NaN
2025-04-09,98.89,115.1,97.5301,114.33,NaN,NaN,NaN,NaN
2025-04-10,109.37,110.86,99.15,107.57,NaN,NaN,NaN,NaN
2025-04-11,108.5,111.5499,107.48,110.93,NaN,NaN,NaN,NaN
2025-04-14,114.11,114.29,109.07,110.71,NaN,NaN,NaN,NaN
2025-04-15,110.97,113.615,110.5,112.2,NaN,NaN,NaN,NaN
2025-04-16,104.55,106.79,100.45,104.49,NaN,NaN,NaN,NaN
2025-04-17,104.45,104.47,100.05,101.49,NaN,NaN,NaN,NaN
2025-04-21,98.77,99.44,95.04,96.91,NaN,NaN,NaN,NaN
2025-04-22,98.78,99.811,97.28,98.89,NaN,NaN,NaN,NaN
2025-04-23,104.52,104.8,102.02,102.71,NaN,NaN,NaN,NaN
2025-04-24,103.475,106.54,103.11,106.43,NaN,NaN,NaN,NaN
2025-04-25,106.85,111.92,105.73,111.01,NaN,NaN,NaN,NaN
2025-04-28,109.69,110.3699,106.02,108.73,NaN,NaN,NaN,NaN
2025-04-29,107.67,110.1999,107.44,109.02,NaN,NaN,NaN,NaN
2025-04-30,104.47,108.92,104.08,108.92,NaN,NaN,NaN,NaN
2025-05-01,113.08,114.94,111.3,111.61,NaN,NaN,NaN,NaN
2025-05-02,114.18,115.4,113.37,114.5,NaN,NaN,NaN,NaN
2025-05-05,112.905,114.665,112.66,113.82,NaN,NaN,NaN,NaN
2025-05-06,111.48,114.74,110.822,113.54,NaN,NaN,NaN,NaN
2025-05-07,113.045,117.68,112.2818,117.06,NaN,NaN,NaN,NaN
2025-05-08,118.25,118.68,115.85,117.37,NaN,NaN,NaN,NaN
2025-05-09,117.35,118.23,115.21,116.65,NaN,NaN,NaN,NaN
2025-05-12,121.97,123,120.28,123,NaN,NaN,NaN,NaN
2025-05-13,124.98,131.2189,124.47,129.93,NaN,NaN,NaN,NaN
2025-05-14,133.195,135.435,131.68,135.34,NaN,NaN,NaN,NaN
2025-05-15,134.295,136.3,132.66,134.83,NaN,NaN,NaN,NaN
2025-05-16,136.22,136.35,133.46,135.4,NaN,NaN,NaN,NaN
2025-05-19,132.39,135.87,132.39,135.57,NaN,NaN,NaN,NaN
2025-05-20,134.29,134.58,132.62,134.38,NaN,NaN,NaN,NaN
2025-05-21,133.06,137.4,130.59,131.8,NaN,NaN,NaN,NaN
2025-05-22,132.23,134.25,131.55,132.83,NaN,NaN,NaN,NaN
2025-05-23,130,132.68,129.16,131.29,NaN,NaN,NaN,NaN
2025-05-27,134.15,135.66,133.31,135.5,NaN,NaN,NaN,NaN
2025-05-28,136.025,137.25,134.79,134.81,NaN,NaN,NaN,NaN
2025-05-29,142.245,143.49,137.91,139.19,NaN,NaN,NaN,NaN
2025-05-30,138.715,139.62,132.92,135.13,NaN,NaN,NaN,NaN
2025-06-02,135.49,138.12,135.4,137.38,NaN,NaN,NaN,NaN
2025-06-03,138.78,142,137.95,141.22,NaN,NaN,NaN,NaN
2025-06-04,142.19,142.39,139.545,141.92,NaN,NaN,NaN,NaN
2025-06-05,142.17,144,138.83,139.99,NaN,NaN,NaN,NaN
2025-06-06,142.51,143.27,141.51,141.72,NaN,NaN,NaN,NaN
2025-06-09,143.19,145,141.94,142.63,NaN,NaN,NaN,NaN
2025-06-10,142.69,144.29,141.525,143.96,NaN,NaN,NaN,NaN
2025-06-11,144.61,144.99,141.87,142.83,NaN,NaN,NaN,NaN
2025-06-12,141.97,145,141.85,145,NaN,NaN,NaN,NaN
2025-06-13,142.48,143.58,140.855,141.97,NaN,NaN,NaN,NaN
2025-06-16,143.345,146.175,143.2001,144.69,NaN,NaN,NaN,NaN
2025-06-17,144.49,145.22,143.78,144.12,NaN,NaN,NaN,NaN
2025-06-18,144.005,145.65,143.12,145.48,NaN,NaN,NaN,NaN
2025-06-20,145.45,146.2,142.65,143.85,NaN,NaN,NaN,NaN
2025-06-23,142.5,144.78,142.03,144.17,NaN,NaN,NaN,NaN
2025-06-24,145.56,147.96,145.5,147.9,NaN,NaN,NaN,NaN
2025-06-25,149.27,154.45,149.26,154.31,NaN,NaN,NaN,NaN
2025-06-26,155.975,156.715,154,155.02,NaN,NaN,NaN,NaN
2025-06-27,156.04,158.71,155.255,157.75,NaN,NaN,NaN,NaN
2025-06-30,158.4,158.66,155.96,157.99,NaN,NaN,NaN,NaN
2025-07-01,156.29,157.2,151.49,153.3,NaN,NaN,NaN,NaN
2025-07-02,152.98,157.6,152.97,157.25,NaN,NaN,NaN,NaN
2025-07-03,158.37,160.98,157.77,159.34,NaN,NaN,NaN,NaN
2025-07-07,158.2,159.31,157.342,158.24,NaN,NaN,NaN,NaN
2025-07-08,159.33,160.22,158.39,160,NaN,NaN,NaN,NaN
2025-07-09,161.22,164.42,161.16,162.88,NaN,NaN,NaN,NaN
2025-07-10,164.32,164.5,161.61,164.1,NaN,NaN,NaN,NaN
2025-07-11,163.715,167.89,163.47,164.92,NaN,NaN,NaN,NaN
2025-07-14,165.37,165.49,162.02,164.07,NaN,NaN,NaN,NaN
2025-07-15,171.19,172.4,169.195,170.7,NaN,NaN,NaN,NaN
2025-07-16,171.06,171.75,168.9,171.37,NaN,NaN,NaN,NaN
2025-07-17,172.02,174.16,170.83,173,NaN,NaN,NaN,NaN
2025-07-18,173.64,174.25,171.26,172.41,NaN,NaN,NaN,NaN
2025-07-21,172.75,173.38,171,171.38,NaN,NaN,NaN,NaN
2025-07-22,171.34,171.39,164.58,167.03,NaN,NaN,NaN,NaN
2025-07-23,169.53,171.26,167.97,170.78,NaN,NaN,NaN,NaN
2025-07-24,172.44,173.83,171.3,173.74,NaN,NaN,NaN,NaN
2025-07-25,173.61,174.72,172.96,173.5,NaN,NaN,NaN,NaN
2025-07-28,174.02,177,173.97,176.75,NaN,NaN,NaN,NaN
2025-07-29,177.96,179.38,175.02,175.51,NaN,NaN,NaN,NaN
2025-07-30,176.51,179.89,176.04,179.27,NaN,NaN,NaN,NaN
2025-07-31,182.9,183.3,175.93,177.87,NaN,NaN,NaN,NaN
2025-08-01,174.09,176.54,170.89,173.72,NaN,NaN,NaN,NaN
2025-08-04,175.16,180.2,174.52,180,NaN,NaN,NaN,NaN
2025-08-05,179.62,180.26,175.9,178.26,NaN,NaN,NaN,NaN
2025-08-06,176.325,179.9,176.25,179.42,NaN,NaN,NaN,NaN
2025-08-07,181.57,183.88,178.795,180.77,NaN,NaN,NaN,NaN
2025-08-08,181.55,183.3,180.4,182.7,NaN,NaN,NaN,NaN
2025-08-11,182.05,183.84,180.25,182.06,NaN,NaN,NaN,NaN
2025-08-12,182.96,184.48,179.46,183.16,NaN,NaN,NaN,NaN
2025-08-13,182.615,183.97,179.35,181.59,NaN,NaN,NaN,NaN
2025-08-14,179.75,183.02,179.46,182.02,NaN,NaN,NaN,NaN
2025-08-15,181.88,181.9,178.0417,180.45,NaN,NaN,NaN,NaN
2025-08-18,180.6,182.9375,180.59,182.01,NaN,NaN,NaN,NaN
2025-08-19,182.43,182.5,175.49,175.64,NaN,NaN,NaN,NaN
2025-08-20,175.165,176,168.801,175.4,NaN,NaN,NaN,NaN
2025-08-21,174.85,176.9,173.81,174.98,NaN,NaN,NaN,NaN
2025-08-22,172.61,178.59,171.2,177.99,NaN,NaN,NaN,NaN
2025-08-25,178.35,181.91,176.57,179.81,NaN,NaN,NaN,NaN
2025-08-26,180.055,182.39,178.81,181.77,NaN,NaN,NaN,NaN
2025-08-27,181.98,182.49,179.1,181.6,NaN,NaN,NaN,NaN
2025-08-28,180.82,184.47,176.41,180.17,NaN,NaN,NaN,NaN
2025-08-29,178.11,178.15,173.145,174.18,NaN,NaN,NaN,NaN
2025-09-02,170,172.379,167.22,170.78,NaN,NaN,NaN,NaN
2025-09-03,171.06,172.41,168.875,170.62,NaN,NaN,NaN,NaN
2025-09-04,170.57,171.86,169.41,171.66,NaN,NaN,NaN,NaN
2025-09-05,168.03,169.03,164.07,167.02,NaN,NaN,NaN,NaN
2025-09-08,167.55,170.96,167.35,168.31,NaN,NaN,NaN,NaN
2025-09-09,169.09,170.98,166.7401,170.76,NaN,NaN,NaN,NaN
2025-09-10,176.64,179.29,175.47,177.33,NaN,NaN,NaN,NaN
2025-09-11,179.68,180.28,176.48,177.17,NaN,NaN,NaN,NaN
2025-09-12,177.77,178.595,176.45,177.82,NaN,NaN,NaN,NaN
2025-09-15,175.67,178.85,174.51,177.75,NaN,NaN,NaN,NaN
2025-09-16,177,177.5,174.38,174.88,NaN,NaN,NaN,NaN
2025-09-17,172.64,173.2,168.41,170.29,NaN,NaN,NaN,NaN
2025-09-18,173.98,177.1,172.96,176.24,NaN,NaN,NaN,NaN
2025-09-19,175.77,178.08,175.18,176.67,NaN,NaN,NaN,NaN
2025-09-22,175.3,184.55,174.7053,183.61,NaN,NaN,NaN,NaN
2025-09-23,181.97,182.42,176.21,178.43,NaN,NaN,NaN,NaN
2025-09-24,179.77,179.78,175.4,176.97,NaN,NaN,NaN,NaN
2025-09-25,174.48,180.26,173.125,177.69,NaN,NaN,NaN,NaN
2025-09-26,178.17,179.77,174.93,178.19,NaN,NaN,NaN,NaN
2025-09-29,180.425,184,180.32,181.85,NaN,NaN,NaN,NaN
2025-09-30,182.08,187.35,181.48,186.58,NaN,NaN,NaN,NaN
2025-10-01,185.24,188.14,183.9,187.24,NaN,NaN,NaN,NaN
2025-10-02,189.6,191.05,188.06,188.89,NaN,NaN,NaN,NaN
2025-10-03,189.19,190.36,185.38,187.62,NaN,NaN,NaN,NaN
2025-10-06,185.5,187.23,183.33,185.54,NaN,NaN,NaN,NaN
2025-10-07,186.23,189.06,184,185.04,NaN,NaN,NaN,NaN